<?xml version="1.0" encoding="UTF-8"?>
<project-private xmlns="http://www.netbeans.org/ns/project-private/1">
    <editor-bookmarks xmlns="http://www.netbeans.org/ns/editor-bookmarks/2" lastBookmarkId="0"/>
    <open-files xmlns="http://www.netbeans.org/ns/projectui-open-files/2">
        <group>
            <file>file:/C:/xampp/htdocs/CarreraTaxi/Usuario/buscar.php</file>
            <file>file:/C:/xampp/htdocs/CarreraTaxi/modelo/Usuario.php</file>
            <file>file:/C:/xampp/htdocs/CarreraTaxi/controladores/ControlUsuario.php</file>
            <file>file:/C:/xampp/htdocs/CarreraTaxi/index.php</file>
            <file>file:/C:/xampp/htdocs/CarreraTaxi/libs/configuracion.php</file>
            <file>file:/C:/xampp/htdocs/CarreraTaxi/modelo/CarreraTaxi.php</file>
            <file>file:/C:/xampp/htdocs/CarreraTaxi/controladores/ControlTaxi.php</file>
            <file>file:/C:/xampp/htdocs/CarreraTaxi/taxi/agregar_taxi.php</file>
            <file>file:/C:/xampp/htdocs/CarreraTaxi/Usuario/agregar.php</file>
            <file>file:/C:/xampp/htdocs/CarreraTaxi/taxi/buscar_taxi.php</file>
        </group>
    </open-files>
</project-private>
